{
  "rmse_ana": 1.883647556298771,
  "rmse_bkg": 1.8230351717897164,
  "mae_ana": 1.2797566059331869,
  "bias_ana": -0.0014096975425205336,
  "improve_pct": -3.324806095186298,
  "n_files": 387,
  "per_level_rmse_ana": [
    2.775940108903888,
    2.159806511177397,
    2.1803986489002587,
    2.1673193313696415,
    2.056210812055124,
    2.0644732387459146,
    2.134437829272709,
    2.1513179782413867,
    2.1655285607313113,
    2.1953327928928155,
    2.236416063602471,
    2.186386423450934,
    1.6692485885462882,
    1.4683973419577863,
    1.463846804048097,
    1.41785799933608,
    1.4967980837254102,
    1.3467723780376273,
    1.2351140894800368,
    1.2424640956434159,
    1.6644313700083462,
    1.7353351000017556,
    1.6815748343326054,
    1.3655999347678944,
    1.2053409535972135,
    1.115265501721585,
    1.3032006276305013,
    1.634463992358101,
    1.6134122263024209,
    1.8036382738155694,
    1.949868770266902,
    2.3324103568410814,
    2.605370022146317,
    2.7848729637371314,
    3.3836909516685285,
    3.7260567144233536,
    3.863906805100971
  ],
  "per_level_rmse_bkg": [
    2.1753918668703816,
    2.1730391048951785,
    2.169717592474275,
    2.093137198701818,
    2.052511007936334,
    2.051289068475985,
    2.0754261026301237,
    2.1134091291982715,
    2.146695432488977,
    2.1945013939583955,
    2.238137838826371,
    2.182931660762641,
    1.5395738670652508,
    1.4329571306832618,
    1.4314457608436635,
    1.4328175906246388,
    1.423889959151867,
    1.3447443856344514,
    1.2307570359250684,
    1.2282503807543401,
    1.64252802682024,
    1.7177726149111723,
    1.547611111588437,
    1.3311081532252695,
    1.1612309958393219,
    1.1230727046477182,
    1.3222461072068539,
    1.6005305953741369,
    1.618726414689181,
    1.7962985689325897,
    1.9341714694960808,
    2.3360516194889462,
    2.643268848062626,
    2.8056024968689357,
    3.4209594580199996,
    3.6651614332115567,
    3.6732744641589137
  ]
}