{
  "n_samples": 7657,
  "n_channels": 17,
  "n_levels": 37,
  "pressure_levels": [
    1000.0,
    975.0,
    950.0,
    925.0,
    900.0,
    875.0,
    850.0,
    825.0,
    800.0,
    775.0,
    750.0,
    700.0,
    650.0,
    600.0,
    550.0,
    500.0,
    450.0,
    400.0,
    350.0,
    300.0,
    250.0,
    225.0,
    200.0,
    175.0,
    150.0,
    125.0,
    100.0,
    70.0,
    50.0,
    30.0,
    20.0,
    10.0,
    7.0,
    5.0,
    3.0,
    2.0,
    1.0
  ],
  "bt_range": [
    133.2599970214069,
    281.1899937149137
  ],
  "temp_range": [
    210.3990478515625,
    290.1495056152344
  ]
}